,marginal_conversions_t1,marginal_spend_t1,marginal_CAC_t1,marginal_conversions_t2,marginal_spend_t2,marginal_CAC_t2,marginal_conversions_t3,marginal_spend_t3,marginal_CAC_t3
organic_search,0.0,0.0,,0.0,0.0,,0.0,0.0,
direct,0.0,0.0,,0.0,0.0,,0.0,0.0,
paid_search,10.0,999.9999999999999,99.99999999999999,15.0,1000.0000000000001,66.66666666666667,6.0,1000.0,166.66666666666666
email,33.0,1000.0,30.303030303030305,9.0,1000.0,111.11111111111111,30.0,1000.0,33.333333333333336
referral,162.0,1000.0,6.172839506172839,99.0,1000.0,10.1010101010101,88.0,1000.0,11.363636363636363
social,37.0,1000.0000000000001,27.02702702702703,39.0,999.9999999999999,25.64102564102564,17.0,1000.0,58.8235294117647
display,42.0,1000.0,23.80952380952381,23.0,1000.0,43.47826086956522,15.0,1000.0,66.66666666666667
