,marginal_conversions_t1,marginal_spend_t1,marginal_CAC_t1,marginal_conversions_t2,marginal_spend_t2,marginal_CAC_t2,marginal_conversions_t3,marginal_spend_t3,marginal_CAC_t3
organic_search,0.0,0.0,,0.5,0.0,0.0,0.08333333333333326,0.0,0.0
direct,0.0,0.0,,0.0,0.0,,0.5,0.0,0.0
paid_search,13.8,999.9999999999999,72.46376811594202,8.866666666666664,1000.0000000000001,112.78195488721809,5.783333333333335,1000.0,172.91066282420744
email,21.7,1000.0,46.082949308755765,20.283333333333335,1000.0,49.30156121610517,21.766666666666666,1000.0,45.94180704441042
referral,158.76666666666665,1000.0,6.298551333193366,93.60000000000002,1000.0,10.683760683760681,95.44999999999999,1000.0,10.476689366160295
social,41.06666666666666,1000.0000000000001,24.350649350649356,41.7,999.9999999999999,23.98081534772182,19.049999999999997,1000.0,52.49343832020998
display,48.666666666666664,1000.0,20.547945205479454,20.050000000000004,1000.0,49.87531172069824,13.36666666666666,1000.0,74.81296758104742
